SourceIP,DestIP,SourcePort,DestPort,Protocol,Label
44.230.34.47,190.169.240.75,14974,13601,TCP,Web Traffic
11.92.116.173,7.194.76.181,54333,14741,TCP,SSH
54.226.136.254,189.203.211.191,58746,63176,TCP,SSH
125.244.197.253,80.8.223.191,31450,2070,TCP,HTTPS
106.215.234.247,89.145.105.105,17090,28306,UDP,HTTPS
147.152.141.9,138.228.39.232,8266,23550,UDP,HTTPS
38.184.160.238,173.169.188.62,20834,53533,UDP,DNS
150.212.54.102,111.134.27.246,12031,43463,TCP,DNS
78.125.212.159,191.230.113.199,23911,2121,UDP,SSH
199.109.111.232,187.226.123.38,53245,10158,TCP,Web Traffic
55.255.85.1,31.36.154.213,39054,36840,TCP,HTTPS
101.68.169.195,167.234.160.26,26452,38984,TCP,SSH
207.147.158.30,83.160.9.199,54733,49505,UDP,Web Traffic
193.143.183.177,100.19.81.233,16420,24727,TCP,SSH
113.149.99.175,129.202.121.50,10888,5303,UDP,DNS
148.21.242.206,145.249.237.233,22711,51626,TCP,Web Traffic
65.9.247.92,89.102.178.226,8047,63492,UDP,SSH
125.143.18.253,196.63.226.190,64230,12350,TCP,DNS
207.235.132.208,6.162.10.156,17048,35316,UDP,SSH
192.114.6.217,202.147.77.95,47166,50130,TCP,SSH
66.54.134.66,93.188.213.248,4624,19699,UDP,HTTPS
161.185.40.7,26.231.82.176,36966,37856,TCP,SSH
218.47.140.54,216.66.115.137,60291,46545,TCP,Web Traffic
3.45.16.70,5.23.189.167,36789,59040,UDP,DNS
88.186.226.18,36.186.69.0,31363,43070,TCP,DNS
98.249.56.114,107.186.137.71,29110,20295,TCP,Web Traffic
171.202.43.119,167.240.206.10,7962,56688,TCP,Web Traffic
3.120.89.42,31.22.175.254,16365,19681,TCP,HTTPS
163.173.72.119,138.42.235.120,13134,15910,TCP,Web Traffic
49.216.155.70,137.145.141.80,38990,2779,UDP,DNS
144.48.144.55,135.229.16.209,20844,36205,UDP,DNS
184.201.3.36,162.113.248.41,63335,17393,TCP,Web Traffic
180.113.175.59,163.34.121.44,16145,25452,UDP,Web Traffic
107.237.246.52,19.222.4.27,12697,60444,TCP,Web Traffic
177.108.135.151,137.180.24.133,2102,54194,TCP,DNS
181.74.72.8,9.236.181.53,6438,12695,UDP,DNS
59.23.18.140,165.225.85.6,35320,30008,TCP,Web Traffic
1.41.249.222,106.242.206.69,50219,43236,TCP,Web Traffic
37.225.129.173,23.168.139.72,38218,64237,UDP,Web Traffic
206.119.52.171,186.247.52.101,59212,16905,UDP,DNS
199.186.184.81,179.100.65.170,58991,28630,UDP,Web Traffic
212.10.242.138,84.200.98.21,48983,21963,TCP,Web Traffic
68.198.155.94,158.178.146.109,51532,36361,UDP,Web Traffic
69.162.173.73,32.20.30.163,50344,38133,TCP,SSH
22.7.162.31,138.144.2.223,64749,53018,UDP,Web Traffic
73.249.52.122,60.54.170.133,40356,13576,TCP,SSH
105.199.33.152,81.31.209.129,38836,60169,UDP,Web Traffic
55.203.246.255,181.90.173.58,52369,11491,TCP,DNS
15.166.38.156,104.112.108.45,20464,15157,TCP,SSH
44.176.199.153,184.124.190.241,18209,61746,TCP,SSH
76.39.249.220,94.229.36.153,63605,55829,TCP,HTTPS
214.141.119.235,159.59.29.252,36716,37355,TCP,DNS
129.206.125.52,128.204.228.170,17519,3607,UDP,DNS
217.248.54.146,124.168.87.101,43870,41424,TCP,Web Traffic
24.163.135.11,20.4.60.53,6482,28099,TCP,HTTPS
88.61.144.7,61.64.33.141,42118,59376,UDP,HTTPS
62.207.78.79,43.93.80.43,52347,35548,TCP,Web Traffic
164.97.88.33,10.80.106.238,46755,37444,UDP,DNS
134.190.138.76,131.195.74.16,7740,41715,UDP,SSH
126.61.40.46,153.131.196.110,56406,54672,TCP,Web Traffic
7.123.48.152,35.94.53.161,65343,58641,TCP,Web Traffic
52.76.220.228,14.190.95.157,38119,19172,UDP,HTTPS
190.108.221.9,82.20.153.43,26936,15776,TCP,DNS
167.250.135.144,131.109.24.12,15381,22529,UDP,Web Traffic
222.148.5.146,213.198.236.76,63692,51486,UDP,SSH
174.2.51.243,179.139.116.38,39097,8212,UDP,DNS
36.138.56.213,24.241.151.191,41119,58464,UDP,Web Traffic
139.162.244.54,170.49.174.237,35920,21641,UDP,DNS
48.121.184.94,117.49.102.85,51773,10138,TCP,Web Traffic
163.215.66.236,112.49.196.123,7128,17783,UDP,HTTPS
221.194.130.141,15.15.58.167,10753,1171,TCP,HTTPS
87.18.79.164,188.102.119.236,30731,44474,UDP,HTTPS
38.60.38.119,143.161.138.217,8565,61768,TCP,SSH
203.141.227.8,186.225.243.97,14891,6850,UDP,SSH
52.9.244.72,114.117.96.12,18614,62726,TCP,Web Traffic
219.117.166.24,34.19.108.62,12294,43047,UDP,SSH
117.228.17.122,20.26.3.106,1903,54931,TCP,SSH
71.159.35.46,92.48.81.105,4156,41153,TCP,HTTPS
42.198.158.54,206.208.234.112,30155,56726,TCP,DNS
37.44.58.145,11.98.221.16,50112,54261,UDP,DNS
138.123.132.103,215.30.153.79,30417,58450,TCP,SSH
103.60.247.59,31.178.98.144,12705,19456,TCP,HTTPS
216.179.82.209,158.235.119.149,50980,2740,TCP,HTTPS
63.201.242.120,62.125.189.65,42897,62762,TCP,HTTPS
124.47.135.85,163.49.237.85,10991,59347,TCP,DNS
222.196.125.24,112.148.178.237,32185,25664,UDP,HTTPS
42.66.44.105,69.18.91.248,45767,52647,TCP,HTTPS
169.140.126.126,117.134.160.113,20754,18330,UDP,Web Traffic
164.114.6.4,173.26.55.81,55716,51616,UDP,Web Traffic
146.221.92.250,205.50.110.190,42854,47701,UDP,Web Traffic
58.40.2.51,155.50.95.153,5581,20529,TCP,SSH
126.255.110.76,180.144.81.117,26590,52314,UDP,Web Traffic
67.235.99.3,67.95.15.202,4541,45713,TCP,Web Traffic
6.114.232.214,140.246.171.3,48086,59698,TCP,Web Traffic
3.89.201.55,126.38.125.215,20176,19662,TCP,DNS
42.71.235.162,212.20.99.109,45885,59344,TCP,SSH
1.192.147.42,48.100.255.73,58880,52898,TCP,HTTPS
29.169.6.32,152.15.38.250,15151,45058,TCP,HTTPS
103.81.140.62,213.5.199.245,8225,29969,UDP,SSH
126.200.22.224,159.117.87.202,25701,2415,TCP,HTTPS
216.137.160.53,45.100.65.25,32557,49818,UDP,Web Traffic
48.221.192.209,195.96.243.118,9429,4856,TCP,SSH
213.244.63.36,96.149.215.112,32058,54220,UDP,Web Traffic
212.162.231.215,193.74.32.113,60592,38917,TCP,DNS
190.79.9.81,51.209.66.210,47309,53426,UDP,SSH
108.43.249.138,203.236.7.97,25704,25537,TCP,Web Traffic
115.89.143.174,18.100.131.171,42572,40097,UDP,DNS
107.129.80.64,8.136.25.97,33134,10916,TCP,HTTPS
52.105.219.65,56.85.10.72,34444,50828,UDP,HTTPS
134.47.242.252,220.35.233.61,60081,51972,UDP,HTTPS
121.65.13.168,195.65.229.215,55951,14177,TCP,Web Traffic
79.2.212.49,146.222.97.16,32467,29851,UDP,DNS
53.84.55.75,68.205.158.43,7360,57609,UDP,DNS
29.252.42.131,30.15.178.213,3608,6999,UDP,Web Traffic
134.89.123.153,140.128.28.46,60811,44742,UDP,DNS
22.212.106.26,171.29.126.151,35847,14509,TCP,SSH
184.81.63.215,146.163.112.48,21643,35603,UDP,HTTPS
184.215.120.79,17.242.122.242,6933,19606,UDP,HTTPS
49.211.58.239,53.194.12.184,56109,17564,TCP,SSH
77.122.47.183,70.49.146.83,36157,32073,UDP,Web Traffic
129.153.131.224,79.89.200.96,34197,28634,TCP,HTTPS
88.49.215.50,7.106.124.115,37772,39495,TCP,DNS
133.137.160.167,69.206.149.102,10127,60555,TCP,SSH
28.79.210.13,55.23.234.161,31830,8082,TCP,Web Traffic
129.156.155.176,39.130.139.247,10677,1044,UDP,Web Traffic
218.127.208.111,96.126.20.114,1742,33681,UDP,DNS
99.183.107.3,22.181.152.116,62377,20748,UDP,DNS
171.109.148.157,55.16.180.132,44573,39002,TCP,HTTPS
192.212.193.28,62.106.166.215,63773,3757,TCP,Web Traffic
59.155.139.250,38.111.14.162,18874,22510,UDP,Web Traffic
125.177.148.139,35.255.198.8,11360,62542,TCP,Web Traffic
1.147.200.228,215.212.244.90,60943,50208,TCP,HTTPS
172.238.119.218,105.211.67.84,5154,34340,UDP,Web Traffic
194.223.83.174,157.29.73.9,33789,2394,TCP,Web Traffic
22.63.12.98,211.64.52.104,45630,58168,UDP,DNS
1.44.234.182,220.217.195.123,64853,45058,TCP,HTTPS
55.135.102.213,139.53.224.174,14007,43546,TCP,SSH
32.147.146.136,187.57.58.77,12414,64405,TCP,HTTPS
150.134.194.174,165.147.51.41,52276,4537,TCP,Web Traffic
19.13.84.186,100.239.22.79,6204,31567,TCP,Web Traffic
24.167.210.114,184.52.92.222,15404,49073,UDP,Web Traffic
183.205.131.214,214.241.23.141,17045,54299,UDP,HTTPS
42.170.202.156,206.230.97.173,57940,30444,UDP,Web Traffic
206.174.34.97,210.173.156.157,19839,13348,TCP,SSH
46.120.103.38,70.206.40.52,40423,53748,TCP,SSH
214.248.192.240,72.100.23.144,37251,19579,UDP,SSH
139.252.100.248,54.225.73.97,11886,49393,UDP,HTTPS
11.174.3.221,155.214.96.81,65381,44021,TCP,Web Traffic
30.63.69.4,21.78.141.245,8242,40896,TCP,Web Traffic
54.51.195.183,26.19.33.214,46670,53808,TCP,Web Traffic
129.171.216.156,17.200.152.196,53375,27589,UDP,Web Traffic
6.245.127.37,172.230.206.23,60845,60478,UDP,Web Traffic
102.200.173.190,7.59.68.59,17889,14016,UDP,DNS
2.118.113.21,142.245.68.16,5033,7423,UDP,Web Traffic
6.111.73.21,68.213.255.130,21538,16855,TCP,DNS
134.218.91.255,76.197.169.66,4266,26545,TCP,Web Traffic
6.235.55.7,15.57.65.158,27870,65200,TCP,SSH
93.91.119.128,135.127.250.93,6931,50929,UDP,SSH
38.172.124.119,77.129.184.181,61628,37375,TCP,DNS
177.200.223.240,144.109.241.139,63382,43145,TCP,HTTPS
205.254.28.203,177.199.42.49,23857,4097,UDP,HTTPS
8.249.211.17,118.54.155.68,12263,38662,TCP,Web Traffic
97.62.145.209,67.86.67.222,38590,6521,UDP,Web Traffic
109.122.233.223,87.118.115.39,58896,38827,TCP,Web Traffic
8.129.15.161,95.225.60.31,63178,18515,UDP,DNS
162.29.42.142,160.202.121.43,46047,6397,UDP,HTTPS
173.97.151.212,201.124.121.90,52632,22429,TCP,SSH
177.83.184.114,9.124.179.72,43099,63124,UDP,Web Traffic
157.142.95.31,93.66.188.87,20739,23385,TCP,SSH
193.67.54.208,151.224.48.112,34288,56803,TCP,Web Traffic
14.57.92.49,216.220.228.23,21537,46031,TCP,HTTPS
3.33.129.57,14.216.6.174,56605,32013,UDP,DNS
91.83.137.111,34.45.142.138,13632,21824,UDP,Web Traffic
120.197.241.228,27.243.179.16,19044,58455,UDP,Web Traffic
134.184.203.95,148.8.111.161,10074,42012,UDP,Web Traffic
141.64.218.186,134.28.200.159,44092,62835,TCP,DNS
190.197.204.134,81.95.242.196,5928,14868,TCP,Web Traffic
211.41.211.20,164.247.159.18,62388,25880,TCP,SSH
38.213.19.45,151.167.65.220,17818,40415,UDP,SSH
115.254.180.201,54.136.39.40,61769,14514,TCP,HTTPS
31.242.162.116,39.11.30.44,64577,35181,UDP,Web Traffic
105.214.8.219,99.92.93.125,19152,52179,TCP,Web Traffic
157.56.98.145,13.35.13.2,48810,28373,TCP,HTTPS
11.77.232.208,141.221.50.52,35901,30725,TCP,DNS
190.76.107.123,135.182.4.249,25626,37072,TCP,SSH
194.10.152.35,160.214.158.121,61429,27358,TCP,Web Traffic
193.162.209.171,45.108.49.76,54918,50864,TCP,HTTPS
154.37.139.240,121.149.136.200,54329,14522,UDP,Web Traffic
103.201.243.90,211.7.187.5,7581,58724,UDP,DNS
103.160.191.81,87.37.192.206,46665,21472,UDP,SSH
200.223.39.250,64.63.215.245,23411,1697,UDP,HTTPS
55.25.235.23,36.79.240.91,48987,22559,TCP,DNS
205.233.48.96,31.62.126.122,61531,38642,UDP,HTTPS
19.212.42.3,108.40.85.140,49915,63228,TCP,HTTPS
83.238.135.176,14.20.121.153,52601,34128,TCP,SSH
67.220.229.192,93.158.23.6,22270,40246,TCP,DNS
8.69.83.165,132.138.105.134,11473,50589,TCP,DNS
1.215.234.7,37.187.135.85,32115,9408,UDP,SSH
222.199.182.22,162.170.140.218,12790,59582,UDP,HTTPS
86.120.120.120,209.50.37.143,51805,44978,UDP,DNS
190.208.205.117,36.197.118.226,21541,54897,TCP,Web Traffic
97.202.206.141,201.235.97.57,50653,52394,TCP,Web Traffic
130.55.239.2,86.39.35.29,27858,3909,TCP,DNS
115.47.165.29,124.11.129.135,13948,55682,TCP,DNS
207.204.108.48,138.188.207.90,34447,39133,TCP,Web Traffic
181.118.133.164,39.111.187.61,7538,29972,UDP,Web Traffic
7.147.101.166,55.250.92.249,57666,7972,UDP,Web Traffic
164.27.219.190,94.53.136.66,64025,40767,TCP,HTTPS
41.78.232.175,38.9.25.33,53369,44067,UDP,SSH
210.168.211.73,193.174.136.2,1670,13964,TCP,HTTPS
27.41.196.2,211.212.245.233,34474,25512,UDP,SSH
145.142.162.49,200.156.109.2,34285,22358,UDP,DNS
20.192.26.29,42.209.102.59,36548,35060,TCP,DNS
140.126.102.102,40.12.124.142,26910,7533,UDP,Web Traffic
103.244.220.124,220.64.220.104,7054,28651,TCP,HTTPS
134.4.212.241,157.228.240.158,58628,19351,UDP,SSH
167.213.105.21,77.81.0.211,8429,59760,UDP,Web Traffic
166.196.83.121,179.185.111.68,39184,49189,UDP,SSH
223.176.219.128,137.88.65.71,7466,43916,UDP,HTTPS
220.206.183.185,89.255.35.167,12165,34367,TCP,HTTPS
68.96.27.10,2.17.189.28,57080,12521,UDP,Web Traffic
91.11.89.51,176.95.122.234,18703,56160,UDP,Web Traffic
147.99.160.133,80.49.191.118,37100,51401,UDP,HTTPS
219.188.155.69,129.156.55.152,24272,18987,TCP,HTTPS
74.7.150.154,71.120.39.142,47880,36855,UDP,HTTPS
116.137.148.78,192.182.118.233,41812,26387,TCP,SSH
27.60.14.118,191.53.47.111,59306,23481,TCP,DNS
60.68.35.219,92.189.255.184,33116,7217,TCP,Web Traffic
81.38.252.106,145.194.42.214,1892,9586,TCP,HTTPS
76.149.47.198,197.96.9.169,35132,12450,UDP,SSH
136.213.41.31,3.253.136.216,42682,15833,UDP,SSH
203.49.194.195,195.157.88.242,13221,3691,TCP,SSH
40.46.98.135,6.174.193.110,45667,46330,UDP,HTTPS
62.158.58.102,52.120.216.55,34203,60142,TCP,Web Traffic
115.6.227.87,83.218.40.150,8569,1263,TCP,Web Traffic
41.135.28.25,26.174.83.192,3479,5947,UDP,Web Traffic
162.50.58.167,87.66.1.69,58492,12261,TCP,Web Traffic
105.201.80.22,116.85.174.126,65268,49848,UDP,HTTPS
206.137.207.19,108.157.42.111,23545,17053,UDP,Web Traffic
32.247.127.68,149.153.53.55,58560,8396,TCP,SSH
112.202.200.61,171.225.196.101,65253,18652,UDP,Web Traffic
213.25.192.50,93.130.156.127,49645,50265,TCP,HTTPS
209.75.170.38,156.255.20.27,62343,39375,UDP,DNS
116.126.246.60,25.56.13.246,58567,16803,TCP,Web Traffic
174.221.212.151,116.238.185.205,3208,53875,UDP,Web Traffic
197.2.172.240,176.250.85.88,64247,60004,TCP,HTTPS
134.56.137.159,148.14.206.41,47985,54503,TCP,Web Traffic
198.15.161.222,44.166.43.36,44861,59202,UDP,HTTPS
169.12.142.152,60.171.108.194,36070,16239,UDP,Web Traffic
107.167.17.242,107.104.157.197,5321,47628,TCP,SSH
108.223.219.22,91.8.15.97,28403,47418,UDP,Web Traffic
7.120.221.40,98.101.186.239,31337,57925,UDP,SSH
70.142.45.196,165.44.40.183,17178,51935,UDP,HTTPS
211.228.88.137,77.169.37.48,29868,63223,UDP,SSH
16.225.216.124,115.49.111.138,24110,50119,UDP,SSH
48.45.238.165,205.162.163.9,56795,53844,UDP,SSH
174.99.6.243,133.224.24.155,19971,16635,UDP,HTTPS
205.207.10.34,170.122.141.43,3095,38446,TCP,Web Traffic
119.34.253.236,79.12.4.36,23056,29964,UDP,HTTPS
43.199.60.12,5.243.124.128,44469,39891,UDP,Web Traffic
105.42.15.26,108.232.233.40,60815,48634,UDP,HTTPS
10.234.161.129,85.35.54.246,62076,4149,TCP,DNS
166.40.83.200,91.231.48.141,65461,37488,TCP,HTTPS
107.68.255.173,47.41.91.119,61158,65074,UDP,DNS
86.251.104.4,140.196.143.181,48183,35151,TCP,Web Traffic
164.149.42.114,171.239.167.156,3607,13618,TCP,HTTPS
101.217.101.239,38.148.219.1,51768,12918,TCP,DNS
103.181.160.242,153.251.22.231,36242,20866,UDP,SSH
91.171.105.192,93.233.72.181,50134,21031,TCP,DNS
50.130.81.0,19.3.121.249,40102,2696,TCP,HTTPS
222.1.59.5,8.72.214.79,45473,17533,TCP,SSH
192.153.24.248,123.22.69.200,30129,15917,UDP,HTTPS
47.251.80.159,194.168.232.47,18411,40001,TCP,HTTPS
95.111.222.80,59.208.115.66,20916,51936,UDP,Web Traffic
86.147.155.23,173.149.176.197,12602,50520,UDP,Web Traffic
147.187.80.137,59.89.74.144,36526,27275,UDP,HTTPS
61.242.6.209,133.230.201.204,16162,7197,UDP,HTTPS
170.210.4.229,213.201.174.156,20765,10703,TCP,SSH
163.3.71.94,2.225.161.7,63061,24664,TCP,Web Traffic
217.88.80.182,124.116.3.238,53511,34972,TCP,Web Traffic
140.85.36.4,38.213.11.165,63504,37961,TCP,SSH
78.64.134.182,69.118.126.63,58372,14961,UDP,DNS
110.210.14.222,67.73.138.111,14606,16713,TCP,Web Traffic
137.5.88.225,4.18.59.94,44102,36244,TCP,SSH
62.141.86.108,40.220.192.23,61140,54088,UDP,DNS
116.222.149.202,209.143.180.119,6922,4297,TCP,SSH
150.21.71.225,172.183.56.31,6781,28605,UDP,HTTPS
12.6.29.88,92.151.134.184,39473,10498,TCP,DNS
50.198.76.108,140.159.253.147,3821,61418,TCP,DNS
24.220.168.223,76.202.252.227,43186,20073,TCP,DNS
161.246.63.84,204.86.55.247,8028,7404,TCP,DNS
88.104.255.15,136.242.204.9,60098,15329,UDP,DNS
171.168.68.59,53.201.214.74,48714,59581,UDP,HTTPS
142.15.223.17,44.9.6.21,26021,52723,UDP,HTTPS
92.133.58.213,52.91.40.224,7722,2421,UDP,Web Traffic
7.29.39.11,123.133.20.103,53944,16494,UDP,SSH
173.163.177.94,165.245.67.183,9718,52769,TCP,SSH
32.221.144.110,14.54.179.155,43300,39141,TCP,DNS
53.9.94.106,43.1.169.253,41775,60816,UDP,HTTPS
36.215.196.69,128.100.85.254,58014,26158,TCP,SSH
91.34.246.250,20.93.104.51,12378,45372,UDP,Web Traffic
200.104.48.41,40.188.179.223,2454,48260,UDP,Web Traffic
61.51.209.99,67.90.70.181,8582,62839,TCP,DNS
16.19.153.240,57.124.159.74,16130,30558,UDP,SSH
137.133.147.191,45.9.51.132,13957,30838,UDP,Web Traffic
162.10.231.65,7.55.126.77,48183,45218,TCP,Web Traffic
20.78.134.89,62.69.136.185,6479,18826,UDP,HTTPS
130.5.106.4,6.100.244.187,21311,60246,TCP,Web Traffic
91.244.167.149,156.18.203.145,22805,52709,TCP,HTTPS
207.244.23.202,61.124.149.91,38830,14608,UDP,HTTPS
101.206.115.236,101.45.40.117,34613,50286,UDP,Web Traffic
102.95.223.216,121.111.174.243,27136,8774,UDP,SSH
38.1.246.149,63.174.106.106,31412,37029,TCP,SSH
187.86.245.229,96.165.223.140,45233,64558,UDP,Web Traffic
152.140.195.69,36.98.183.168,45017,6399,TCP,HTTPS
51.225.65.234,81.132.251.248,59661,48983,UDP,HTTPS
215.51.57.10,147.81.122.20,22035,31294,TCP,DNS
28.254.34.2,187.201.102.165,8312,29251,UDP,Web Traffic
77.120.125.192,206.222.229.119,46681,38828,UDP,SSH
91.254.25.205,28.250.141.31,34993,60634,UDP,HTTPS
201.196.5.170,75.190.1.213,32634,56023,UDP,Web Traffic
168.133.25.59,207.145.173.192,51494,30829,UDP,HTTPS
153.247.141.73,59.201.90.47,25758,25148,UDP,DNS
184.8.16.168,129.87.73.226,26930,59129,TCP,DNS
15.97.61.71,67.99.96.134,47425,48051,TCP,SSH
153.241.179.217,11.38.244.117,14990,33357,UDP,DNS
123.3.175.37,103.207.66.191,31935,40976,UDP,HTTPS
182.253.111.127,2.11.68.102,43494,37091,UDP,Web Traffic
20.131.137.6,86.105.55.193,58504,23012,UDP,DNS
50.136.44.93,159.30.16.27,45699,15460,TCP,Web Traffic
95.72.116.96,118.41.162.35,52720,8551,TCP,SSH
128.74.165.232,136.179.125.128,17935,11055,TCP,DNS
57.6.155.166,131.209.107.169,54645,6255,UDP,DNS
178.222.71.13,112.46.242.199,12779,16730,TCP,Web Traffic
194.1.50.73,100.26.30.12,61675,39878,UDP,HTTPS
100.161.19.127,97.88.128.102,15162,7456,TCP,Web Traffic
64.86.20.21,111.53.118.203,33958,42879,TCP,Web Traffic
106.12.188.242,133.26.132.174,48072,31463,UDP,DNS
13.200.189.201,105.38.155.126,27570,44300,UDP,DNS
1.106.214.17,220.87.167.149,37278,50202,TCP,SSH
93.55.161.187,176.9.145.176,11138,8257,TCP,Web Traffic
75.75.37.119,222.182.217.65,45723,16319,UDP,Web Traffic
204.124.55.137,133.235.150.205,7695,21395,TCP,Web Traffic
155.217.20.102,189.25.6.16,13217,43413,TCP,Web Traffic
35.223.22.69,98.180.87.9,50823,13958,UDP,HTTPS
39.83.60.8,97.193.21.253,51225,9910,UDP,SSH
67.40.99.72,7.233.90.155,2335,61444,TCP,HTTPS
141.133.32.84,220.244.25.15,43755,10593,TCP,Web Traffic
2.169.17.183,108.68.136.217,7823,58413,TCP,SSH
42.197.159.38,14.208.50.128,45477,30547,UDP,Web Traffic
206.131.81.60,81.122.82.136,55393,17884,TCP,Web Traffic
174.78.176.201,166.250.133.199,26065,20069,UDP,HTTPS
123.68.52.131,13.52.145.188,26153,62462,UDP,SSH
103.185.35.23,190.56.240.157,7051,39159,UDP,HTTPS
110.113.76.90,86.126.144.196,11586,8012,UDP,SSH
139.99.169.98,201.138.39.51,21602,35875,TCP,Web Traffic
15.147.40.18,197.69.251.218,8524,11069,UDP,DNS
173.85.158.106,156.57.64.67,34124,46304,TCP,HTTPS
18.29.19.39,108.224.252.141,43753,35332,TCP,Web Traffic
1.111.127.166,221.38.6.118,8442,31900,TCP,Web Traffic
18.211.243.71,60.47.250.47,54127,31780,UDP,Web Traffic
71.40.164.239,132.118.240.171,10121,10328,UDP,HTTPS
195.108.226.70,20.50.37.126,30593,18551,TCP,Web Traffic
55.75.204.216,64.255.29.184,4745,57119,UDP,Web Traffic
131.52.138.244,7.143.207.115,63873,46788,TCP,SSH
204.130.147.235,77.225.91.118,7803,22855,UDP,HTTPS
1.180.70.45,143.69.106.146,17328,48595,TCP,SSH
218.62.192.158,10.64.126.101,25789,56634,TCP,HTTPS
6.146.38.131,187.243.212.150,1596,49302,UDP,Web Traffic
107.81.197.20,15.165.193.13,25256,40939,TCP,HTTPS
64.119.92.179,209.224.103.54,43074,2689,UDP,DNS
10.82.213.132,210.183.232.241,55482,3696,TCP,Web Traffic
221.56.4.253,214.163.189.122,14913,61306,TCP,Web Traffic
166.187.150.147,150.28.183.116,36834,56160,UDP,HTTPS
51.221.71.103,40.138.198.9,51997,18885,TCP,DNS
206.240.221.216,88.81.252.157,59363,27799,UDP,HTTPS
48.97.249.99,13.180.4.0,33650,35343,TCP,Web Traffic
194.36.93.30,97.219.5.145,23522,12622,UDP,Web Traffic
82.74.203.48,38.171.64.149,31062,1540,UDP,DNS
49.13.162.30,196.170.77.134,64046,6729,TCP,HTTPS
187.218.84.42,47.237.224.104,6731,36828,TCP,DNS
68.182.33.144,189.130.246.226,15419,63136,TCP,Web Traffic
201.53.166.121,101.164.188.91,42745,61119,UDP,SSH
128.183.174.37,43.150.71.66,40047,8067,TCP,SSH
140.246.142.0,73.177.147.108,10723,64429,UDP,SSH
221.47.187.212,50.162.159.77,23285,12932,TCP,SSH
65.70.219.225,164.151.191.207,13216,30148,TCP,HTTPS
220.180.23.164,35.101.57.41,15081,46464,TCP,HTTPS
32.215.11.3,145.100.14.245,36868,35797,UDP,DNS
180.102.245.54,180.177.86.82,35258,12833,UDP,SSH
65.212.239.135,126.111.127.175,55143,43241,TCP,Web Traffic
67.217.227.170,29.250.145.193,42618,51752,UDP,SSH
181.63.123.17,197.72.94.22,50852,33634,TCP,HTTPS
44.205.11.72,220.87.138.188,28003,5704,TCP,Web Traffic
111.181.145.214,70.35.114.146,61147,4484,TCP,DNS
41.2.47.161,164.43.205.117,51660,59922,UDP,Web Traffic
119.10.135.32,87.155.23.164,9041,55063,TCP,Web Traffic
84.183.36.178,50.244.246.117,61398,45997,TCP,HTTPS
86.52.229.12,101.247.247.22,56462,63149,TCP,Web Traffic
218.52.178.87,111.206.187.209,55995,49120,UDP,Web Traffic
125.94.103.1,193.220.208.195,60395,39711,TCP,SSH
176.99.57.58,165.8.215.0,15072,49740,UDP,Web Traffic
63.168.78.245,76.222.62.215,53730,15025,TCP,HTTPS
97.124.153.41,12.46.64.143,7189,29022,TCP,SSH
152.161.171.175,30.28.193.238,29235,38708,UDP,DNS
173.250.92.183,12.143.195.157,42184,1683,TCP,SSH
197.122.107.169,67.192.77.244,52565,15655,TCP,Web Traffic
139.167.235.180,162.153.163.89,55481,7846,UDP,Web Traffic
203.232.127.217,113.105.231.207,61051,51619,TCP,HTTPS
113.104.215.68,53.192.205.151,40844,44724,UDP,Web Traffic
85.47.75.88,205.205.231.144,35402,30493,TCP,HTTPS
17.55.126.109,158.179.68.147,14569,59549,TCP,DNS
74.91.81.246,180.64.75.247,23295,54032,UDP,HTTPS
71.128.104.225,60.78.22.134,53468,25012,UDP,HTTPS
51.57.22.31,96.181.179.61,42973,8303,UDP,Web Traffic
92.188.75.13,147.148.235.78,44145,57094,TCP,Web Traffic
32.237.237.249,186.45.188.237,63342,3900,UDP,SSH
38.75.106.26,24.104.53.70,46895,23011,UDP,DNS
147.96.32.175,177.249.227.234,54708,18126,TCP,HTTPS
220.195.47.6,47.195.78.231,1543,58490,TCP,SSH
139.194.251.206,29.92.218.252,24295,21302,UDP,DNS
34.175.221.247,129.141.137.13,46949,56797,UDP,Web Traffic
177.182.179.127,134.200.145.143,9341,38562,UDP,SSH
38.110.23.13,183.160.246.239,34206,22867,UDP,Web Traffic
206.119.196.99,7.158.204.88,40999,13176,UDP,Web Traffic
142.128.203.121,190.110.204.167,29961,57156,TCP,SSH
31.208.192.131,46.97.149.107,3331,59752,TCP,Web Traffic
166.208.60.25,12.212.242.246,10572,41613,TCP,Web Traffic
201.134.138.118,186.208.190.155,59966,51067,UDP,DNS
12.176.144.90,129.131.249.175,32088,22015,UDP,Web Traffic
145.97.111.123,47.139.84.205,14834,13126,UDP,SSH
106.26.71.110,26.214.237.215,33249,28198,UDP,Web Traffic
55.98.6.239,57.244.248.211,59139,56408,UDP,SSH
39.254.254.22,183.90.161.93,27489,54188,UDP,HTTPS
55.252.239.42,154.223.107.89,25644,46168,TCP,Web Traffic
148.24.206.100,134.201.185.197,37638,43392,TCP,DNS
119.130.184.132,81.76.94.172,65467,39142,UDP,Web Traffic
141.13.247.218,24.3.120.96,62964,4054,TCP,HTTPS
109.133.254.104,71.116.150.0,42778,54679,TCP,Web Traffic
201.151.216.121,48.77.152.51,51019,20083,TCP,Web Traffic
176.11.171.73,204.124.208.240,61158,13174,TCP,SSH
114.141.128.251,192.219.57.128,1073,16151,TCP,Web Traffic
218.147.34.115,134.161.86.62,26678,6919,UDP,HTTPS
148.3.141.98,158.46.18.92,31041,13053,TCP,DNS
181.30.220.166,173.103.20.148,8565,39434,UDP,DNS
71.6.109.137,160.11.106.5,34795,56917,UDP,SSH
195.21.193.30,167.143.45.206,14856,28464,UDP,DNS
209.107.160.132,195.237.181.218,31570,8150,TCP,DNS
4.42.16.149,209.41.214.199,26516,32273,TCP,Web Traffic
129.136.160.73,35.51.147.22,15754,52217,UDP,SSH
148.77.119.176,3.178.48.201,53955,27748,UDP,DNS
93.205.221.61,31.242.237.238,55752,63084,TCP,HTTPS
150.104.146.152,56.141.203.37,46700,41914,TCP,Web Traffic
107.58.56.252,24.120.111.255,57059,62858,UDP,Web Traffic
154.23.38.218,186.163.33.73,3972,60208,TCP,DNS
14.179.176.252,200.249.143.63,13388,38202,UDP,Web Traffic
11.3.66.226,161.63.25.112,33773,27037,UDP,HTTPS
124.213.21.146,80.23.228.174,58347,30845,UDP,SSH
46.75.78.23,199.55.193.229,56655,54940,TCP,Web Traffic
17.147.86.209,17.173.233.155,42750,64300,UDP,SSH
17.127.34.125,139.88.200.218,35552,51646,TCP,SSH
200.53.108.163,73.207.24.114,42711,29551,TCP,Web Traffic
1.66.15.140,43.201.120.209,52391,6511,UDP,HTTPS
129.61.9.248,147.97.181.196,1495,28478,TCP,Web Traffic
86.218.249.56,210.175.11.228,12468,2213,TCP,Web Traffic
59.28.248.3,90.170.249.251,33046,5893,UDP,HTTPS
64.20.102.248,118.222.81.157,35992,41211,TCP,HTTPS
220.127.255.191,7.21.227.86,14492,6465,UDP,HTTPS
47.206.21.174,21.127.150.75,58629,9194,UDP,DNS
196.110.192.177,13.148.208.241,14378,45316,TCP,DNS
180.242.90.8,55.214.181.107,45369,7953,UDP,Web Traffic
169.188.167.111,125.151.18.218,58956,21436,TCP,HTTPS
74.46.245.144,95.116.64.13,16303,46811,UDP,Web Traffic
204.230.122.222,120.3.242.45,17512,14634,UDP,SSH
78.154.25.174,135.156.102.139,39446,3096,TCP,Web Traffic
185.230.138.240,17.50.87.225,6694,1302,TCP,DNS
24.232.108.193,35.65.117.11,12442,31463,TCP,Web Traffic
143.186.206.235,54.59.215.77,52816,43579,TCP,Web Traffic
82.62.174.143,194.186.43.75,65241,9599,UDP,DNS
223.245.189.96,1.71.225.96,58191,4892,TCP,HTTPS
183.252.176.74,144.131.234.197,43080,59627,UDP,HTTPS
102.91.163.255,40.114.50.176,62882,54886,TCP,Web Traffic
65.197.121.251,119.8.199.179,4336,16004,TCP,DNS
194.53.142.68,92.114.145.40,5715,23708,TCP,DNS
89.253.52.228,116.74.165.46,35444,41735,UDP,HTTPS
93.174.210.32,80.118.145.26,21386,34931,UDP,Web Traffic
101.215.79.31,16.115.54.227,20091,47059,TCP,DNS
16.150.35.187,34.240.145.94,30937,4072,UDP,SSH
157.116.217.36,41.189.6.46,20932,41973,TCP,HTTPS
180.9.32.232,92.33.29.218,29506,11331,UDP,DNS
14.185.74.36,137.210.119.101,20140,17341,UDP,DNS
142.215.28.76,76.33.247.110,9247,8404,UDP,DNS
138.228.159.204,146.106.142.20,47689,1745,TCP,Web Traffic
123.244.18.200,11.192.124.225,2850,24433,TCP,SSH
151.198.219.223,33.68.158.150,39387,39917,TCP,HTTPS
92.204.161.183,213.136.202.6,39472,55906,TCP,SSH
4.19.221.4,69.75.202.198,55568,2758,UDP,SSH
141.65.75.33,148.143.11.168,12524,37000,UDP,SSH
8.204.7.109,223.216.55.17,38956,57543,TCP,HTTPS
65.12.161.129,8.54.228.13,32956,38272,TCP,DNS
172.83.63.116,23.11.202.219,37039,39947,TCP,SSH
132.255.123.205,80.51.156.83,17074,9296,UDP,SSH
196.92.96.70,94.54.112.108,40975,20351,TCP,DNS
158.131.105.84,137.243.94.198,57060,43342,TCP,HTTPS
89.103.168.110,107.74.233.170,48190,7939,TCP,DNS
167.9.23.143,66.133.67.242,36173,5264,TCP,SSH
162.0.121.227,102.51.7.119,43628,51485,UDP,DNS
93.243.244.214,38.189.58.44,16310,41809,UDP,SSH
33.160.160.106,132.45.14.2,58986,36408,UDP,SSH
20.186.58.81,121.59.95.79,4882,2041,TCP,Web Traffic
59.131.200.136,108.24.70.213,33453,26595,TCP,Web Traffic
92.72.251.2,141.183.113.5,2293,14718,UDP,SSH
20.9.251.234,57.27.64.184,23656,60486,TCP,Web Traffic
50.64.202.84,165.38.164.108,12123,48325,UDP,DNS
159.248.142.176,98.143.90.16,44180,35287,TCP,HTTPS
185.193.242.243,73.168.16.92,46128,7574,UDP,Web Traffic
159.210.33.48,160.86.44.255,51395,47017,UDP,Web Traffic
67.95.220.252,207.103.46.155,21800,36744,UDP,SSH
10.115.168.63,219.98.228.98,43095,24872,UDP,HTTPS
89.84.186.244,123.66.149.145,40044,40738,TCP,HTTPS
65.145.39.213,23.161.12.76,4356,50840,TCP,DNS
31.169.34.72,114.91.55.59,37000,43642,UDP,SSH
185.215.110.157,121.254.53.188,41558,49116,UDP,Web Traffic
106.112.205.219,174.132.68.33,27984,44091,UDP,Web Traffic
70.195.30.111,165.71.111.247,3046,4281,TCP,SSH
73.189.185.48,162.156.134.245,28304,19579,UDP,HTTPS
126.116.103.66,3.198.66.58,6990,18892,UDP,HTTPS
98.133.240.132,214.96.90.142,19263,8441,UDP,Web Traffic
108.15.166.232,118.171.82.171,62057,12105,TCP,Web Traffic
21.254.189.239,138.18.66.3,23254,21999,UDP,DNS
28.213.224.133,160.189.81.15,10958,29816,UDP,HTTPS
146.169.156.198,186.41.32.49,49867,28061,TCP,Web Traffic
207.52.23.170,86.181.59.209,2219,53542,UDP,DNS
108.75.218.62,193.62.106.17,46861,9907,UDP,Web Traffic
34.238.152.157,87.107.159.159,32489,28103,UDP,DNS
12.84.25.221,83.110.85.52,45516,47398,UDP,SSH
39.135.22.54,71.139.128.106,9317,18693,TCP,DNS
210.214.13.50,137.111.111.217,50811,13337,TCP,HTTPS
55.81.147.119,47.111.191.43,19127,2169,TCP,SSH
189.58.44.230,133.231.154.86,19108,63849,UDP,Web Traffic
32.188.175.221,77.85.116.26,42314,55041,TCP,SSH
204.23.55.198,192.194.208.129,48027,61664,TCP,SSH
25.173.158.84,89.129.51.106,46288,47633,UDP,SSH
42.207.228.151,128.124.237.103,5845,26982,UDP,Web Traffic
3.202.86.56,161.131.79.255,10455,63093,TCP,SSH
72.35.70.252,90.24.207.17,36396,6441,UDP,HTTPS
51.22.181.118,8.22.95.100,54794,47341,TCP,SSH
25.185.61.151,191.40.182.118,47363,27683,UDP,Web Traffic
202.30.26.159,125.245.87.17,16943,61456,UDP,Web Traffic
112.119.15.56,72.9.3.15,27614,55365,UDP,Web Traffic
155.86.148.100,101.136.69.172,48161,62493,UDP,HTTPS
38.21.1.201,57.47.242.232,6858,6535,UDP,Web Traffic
68.31.234.134,68.19.204.2,39963,32084,UDP,Web Traffic
115.61.120.228,134.172.112.80,31694,3403,TCP,Web Traffic
128.211.104.75,116.145.94.184,42469,19479,UDP,DNS
115.101.98.230,206.45.245.75,11649,16837,TCP,Web Traffic
206.111.48.178,131.106.7.197,22064,50035,TCP,HTTPS
9.111.43.81,152.193.238.162,26797,6391,TCP,HTTPS
104.195.58.183,36.207.83.121,65241,12271,TCP,DNS
100.48.215.136,210.195.66.37,19998,38202,UDP,SSH
208.127.109.157,56.147.59.247,54628,50494,TCP,Web Traffic
89.161.185.176,168.232.29.186,65535,13721,TCP,Web Traffic
112.105.124.143,215.70.69.206,54032,32682,UDP,SSH
147.80.39.101,82.185.216.78,44970,9783,UDP,Web Traffic
78.125.201.163,92.133.179.143,9673,15262,TCP,Web Traffic
7.146.21.242,221.38.36.47,8530,36130,TCP,Web Traffic
151.170.87.88,222.136.159.248,31510,13551,TCP,DNS
135.223.75.95,28.233.81.19,6824,24583,UDP,Web Traffic
76.168.45.77,88.244.225.73,37394,45170,TCP,Web Traffic
216.91.6.155,61.162.225.92,29460,46766,UDP,SSH
63.155.188.177,132.20.152.31,36585,42150,TCP,HTTPS
208.123.123.242,65.15.11.16,58417,53722,TCP,HTTPS
27.209.209.105,124.123.217.207,31035,45706,TCP,SSH
194.152.152.159,151.60.117.138,1028,5473,TCP,Web Traffic
151.25.44.63,155.30.246.8,58812,32120,TCP,Web Traffic
116.225.87.132,198.59.162.105,54732,5216,TCP,DNS
87.166.83.7,192.239.202.64,57024,22146,TCP,DNS
201.33.140.44,150.229.85.193,13895,61930,UDP,Web Traffic
181.42.143.181,47.129.140.230,54312,45745,UDP,Web Traffic
69.213.106.13,116.7.2.88,11880,41666,TCP,Web Traffic
216.145.223.207,17.207.195.90,7969,54589,UDP,Web Traffic
115.123.155.2,100.170.171.157,6085,33573,TCP,Web Traffic
18.18.30.246,99.85.163.3,52687,56235,UDP,Web Traffic
221.158.87.169,84.243.70.201,51546,11174,UDP,SSH
22.4.242.135,156.42.191.28,16222,34991,UDP,SSH
106.219.221.128,156.123.131.81,7989,33557,TCP,Web Traffic
118.118.91.96,185.105.114.109,57787,16239,UDP,Web Traffic
100.254.16.1,197.94.195.151,34887,32449,TCP,Web Traffic
51.109.240.10,202.196.136.88,47439,24268,TCP,DNS
206.10.0.216,100.227.189.230,47532,19134,TCP,DNS
14.32.149.76,81.103.173.246,18468,61325,UDP,Web Traffic
70.134.94.210,104.209.161.203,5536,60456,TCP,Web Traffic
132.185.252.94,158.121.112.40,36535,23280,TCP,HTTPS
88.239.100.167,41.166.1.99,26956,39761,UDP,SSH
206.155.158.197,196.9.32.224,19275,10712,TCP,Web Traffic
32.246.218.206,202.136.185.243,42809,14861,UDP,Web Traffic
207.122.147.101,131.32.239.80,6460,54401,UDP,DNS
12.233.3.195,99.63.117.94,25098,59231,UDP,Web Traffic
21.123.243.52,208.124.213.229,47141,30633,TCP,Web Traffic
202.230.58.224,164.147.141.196,63214,5708,TCP,Web Traffic
87.246.180.178,147.26.110.144,42540,18073,UDP,DNS
208.35.5.162,58.67.199.19,58885,36649,TCP,Web Traffic
25.222.148.92,40.10.157.3,33366,34973,TCP,DNS
129.8.87.100,113.176.187.215,53860,22727,UDP,Web Traffic
217.88.51.57,45.201.154.131,54613,6010,TCP,Web Traffic
144.109.130.99,29.241.19.17,34770,26296,UDP,DNS
88.182.29.50,202.142.88.109,3000,26793,UDP,HTTPS
71.113.169.136,97.68.203.148,23057,21532,TCP,SSH
55.97.245.9,110.188.16.81,43078,28906,TCP,SSH
89.180.170.101,209.179.189.218,56942,44294,UDP,DNS
197.165.67.48,6.5.90.194,58987,48628,TCP,Web Traffic
78.91.109.160,28.247.24.23,40095,62009,UDP,SSH
29.39.204.227,64.206.95.118,52251,14928,UDP,Web Traffic
103.156.10.251,42.97.73.225,20137,31416,UDP,SSH
28.106.80.216,121.185.76.69,26561,42342,TCP,Web Traffic
162.147.10.137,64.234.250.182,7317,7376,UDP,Web Traffic
154.237.170.241,30.242.195.109,33797,60908,TCP,SSH
187.198.114.115,62.23.145.246,36964,58050,UDP,HTTPS
59.235.37.153,190.109.42.48,16840,51273,UDP,SSH
61.68.45.79,149.96.152.155,18054,49875,UDP,Web Traffic
200.62.219.45,156.100.247.77,4449,50947,UDP,HTTPS
2.56.9.246,96.172.203.176,57239,49252,TCP,DNS
182.152.196.85,221.162.139.0,23042,48386,TCP,Web Traffic
141.16.30.109,157.237.191.61,8071,34827,TCP,SSH
83.176.12.44,121.241.209.15,38227,38114,TCP,Web Traffic
215.172.57.123,25.110.224.25,45717,24748,UDP,HTTPS
222.60.193.149,38.229.79.234,64939,23642,TCP,Web Traffic
50.165.243.124,32.124.77.128,10062,61204,TCP,SSH
97.99.147.91,20.217.159.79,37424,8815,TCP,HTTPS
111.240.150.157,16.29.245.254,31717,62485,TCP,Web Traffic
211.252.67.102,113.222.245.147,36160,22189,UDP,Web Traffic
2.134.252.225,102.72.105.6,53471,26221,UDP,HTTPS
179.84.138.78,120.238.216.189,58866,33472,UDP,HTTPS
7.106.177.215,174.117.7.179,28313,31793,TCP,HTTPS
141.229.23.169,219.48.233.153,54365,31410,TCP,DNS
45.160.39.218,149.102.86.237,56806,52175,TCP,DNS
71.138.87.214,189.74.168.39,35099,32431,UDP,Web Traffic
207.186.15.114,99.35.22.41,1958,23449,UDP,DNS
136.3.215.179,138.36.136.68,44838,36069,TCP,HTTPS
128.205.86.3,175.176.73.116,64331,20467,UDP,HTTPS
211.34.173.9,80.248.65.64,58841,4429,UDP,Web Traffic
191.172.26.25,98.5.63.232,40732,23700,UDP,Web Traffic
175.138.51.118,178.98.85.173,43345,39908,UDP,SSH
16.222.34.35,203.72.141.216,53486,4900,UDP,DNS
81.79.40.73,189.151.81.255,52231,56613,TCP,Web Traffic
63.36.253.5,202.247.175.36,15245,47425,TCP,DNS
112.232.91.92,219.41.249.49,19322,25341,UDP,DNS
116.215.178.43,2.50.82.58,36260,59625,UDP,DNS
202.207.174.103,210.29.106.97,26067,30012,TCP,Web Traffic
165.44.176.92,119.227.192.142,63691,4710,UDP,DNS
166.17.78.55,91.13.122.215,41785,42375,UDP,HTTPS
38.190.138.89,80.2.201.207,4323,50633,UDP,SSH
48.61.241.91,49.105.182.253,29102,61670,UDP,Web Traffic
210.170.186.126,27.101.98.234,9856,54264,UDP,SSH
196.2.16.57,203.169.213.176,20012,49409,TCP,HTTPS
53.104.188.21,27.164.18.206,29544,15293,TCP,Web Traffic
187.163.160.94,156.246.193.91,2117,33017,TCP,Web Traffic
132.24.191.241,88.204.210.252,30370,51286,UDP,Web Traffic
184.249.217.24,25.69.46.101,3673,17062,TCP,HTTPS
215.197.177.148,42.39.181.37,63920,33298,TCP,SSH
145.31.76.211,177.117.23.126,52836,6919,TCP,Web Traffic
69.226.204.89,37.37.244.117,12369,12350,TCP,HTTPS
27.191.13.217,156.133.171.161,65000,53769,UDP,HTTPS
134.198.118.230,75.246.118.123,29844,63705,TCP,Web Traffic
28.207.197.169,186.137.131.43,17422,17444,UDP,Web Traffic
20.188.115.123,5.78.245.120,11412,39432,TCP,Web Traffic
211.63.120.105,158.167.230.97,28411,4334,UDP,HTTPS
76.212.230.84,71.236.120.174,27591,62755,TCP,SSH
76.71.74.33,38.40.148.7,32587,64386,TCP,DNS
110.40.5.116,140.200.235.112,44875,53318,TCP,Web Traffic
223.240.211.241,205.21.250.155,59052,54578,TCP,SSH
166.76.144.73,81.5.150.202,12455,60732,TCP,HTTPS
167.252.234.29,34.14.234.158,17399,16279,TCP,SSH
218.157.101.195,33.71.116.218,12865,3472,TCP,Web Traffic
181.239.98.247,141.17.217.1,42811,6754,UDP,DNS
90.76.95.100,28.37.207.249,62887,27034,UDP,Web Traffic
15.175.111.36,62.152.82.225,14151,12839,TCP,DNS
182.211.59.201,133.181.110.2,16664,22496,UDP,Web Traffic
20.15.112.209,184.147.1.234,18536,28934,UDP,Web Traffic
98.232.116.168,144.43.113.5,10273,1845,UDP,Web Traffic
125.178.204.175,67.9.103.142,58824,6997,UDP,Web Traffic
142.140.230.216,193.235.66.14,15526,65533,TCP,Web Traffic
181.37.219.72,114.157.72.63,15076,43565,TCP,SSH
158.8.144.43,45.94.24.24,5641,1902,TCP,Web Traffic
24.98.178.240,184.228.4.104,7908,49704,TCP,Web Traffic
163.81.37.3,165.158.100.150,63198,23969,TCP,SSH
174.42.7.202,75.85.2.125,20256,15858,TCP,Web Traffic
199.142.110.12,171.94.230.16,9145,29947,UDP,SSH
14.95.246.167,4.67.110.87,8543,4595,UDP,HTTPS
223.169.70.247,221.38.143.45,26226,65170,UDP,DNS
192.241.188.156,205.69.56.188,30127,54786,UDP,Web Traffic
102.197.4.45,191.239.152.76,2624,51951,UDP,SSH
131.178.73.224,146.167.188.234,13797,12145,UDP,Web Traffic
122.68.6.20,130.238.58.64,7523,33264,UDP,DNS
58.188.222.176,131.214.234.230,41660,28996,UDP,HTTPS
148.215.21.16,182.229.217.16,48103,64768,TCP,SSH
86.69.121.192,170.247.190.150,45210,46756,UDP,SSH
83.99.149.208,166.225.141.238,31441,29322,TCP,HTTPS
195.182.126.179,63.241.182.220,18983,1559,UDP,DNS
214.64.152.242,174.35.94.128,7612,10822,UDP,DNS
155.230.68.127,155.203.160.216,50173,9891,TCP,Web Traffic
170.174.12.7,124.78.219.153,60107,52457,UDP,DNS
16.117.169.237,99.24.140.204,27167,5040,TCP,Web Traffic
206.252.162.75,110.117.179.48,22659,10799,UDP,HTTPS
31.10.179.178,118.64.150.151,21497,40989,UDP,Web Traffic
43.229.201.206,52.124.5.153,13461,26449,TCP,SSH
63.10.65.32,93.18.125.100,60944,6145,UDP,Web Traffic
186.160.28.172,64.237.255.185,7553,17891,UDP,DNS
59.202.63.4,13.51.204.116,21004,22971,TCP,Web Traffic
119.169.167.92,109.216.100.160,53049,51439,UDP,HTTPS
176.12.121.141,93.57.46.249,61192,47273,UDP,SSH
85.245.174.87,188.204.88.55,43921,31514,UDP,Web Traffic
178.55.101.220,160.37.247.117,36210,31386,UDP,HTTPS
102.96.48.110,211.115.90.197,39648,19755,TCP,Web Traffic
46.140.31.117,114.44.169.60,50443,34903,TCP,SSH
175.107.251.27,152.71.193.244,61602,62094,UDP,SSH
43.65.131.253,187.128.77.118,12324,37015,TCP,SSH
31.232.88.35,81.190.136.154,45063,45441,TCP,SSH
200.38.72.152,54.184.67.28,13931,10845,UDP,Web Traffic
202.8.32.29,37.67.176.22,30291,39990,TCP,Web Traffic
22.242.236.184,174.250.186.11,60876,22608,TCP,SSH
133.71.117.198,97.215.160.18,15723,20294,UDP,DNS
44.255.148.21,55.216.230.25,15209,62557,UDP,DNS
72.78.250.100,58.179.157.165,37928,15054,UDP,HTTPS
149.34.6.79,144.160.77.244,7218,40180,TCP,HTTPS
96.234.175.25,189.204.207.120,64108,51275,UDP,DNS
208.103.231.33,169.208.145.76,38492,46295,UDP,Web Traffic
162.56.240.222,30.14.183.158,59785,38848,UDP,Web Traffic
16.164.3.206,115.34.74.32,15408,12700,TCP,DNS
30.27.98.137,80.247.147.82,30601,49997,UDP,DNS
213.195.185.0,205.241.61.29,54253,64780,TCP,Web Traffic
64.29.230.96,25.58.24.56,52749,53137,TCP,SSH
44.127.145.47,146.96.96.175,17886,38986,TCP,HTTPS
185.19.81.127,219.227.63.255,64151,8726,UDP,Web Traffic
104.73.194.219,28.128.231.192,38683,14987,TCP,Web Traffic
92.238.150.206,208.82.58.107,17197,6428,UDP,Web Traffic
68.211.124.111,171.219.167.62,12775,42715,TCP,SSH
110.245.111.109,58.168.174.35,10427,59707,TCP,Web Traffic
73.18.225.105,42.164.44.142,34980,53840,TCP,HTTPS
55.162.171.148,35.70.188.245,20350,27220,UDP,Web Traffic
82.138.232.215,221.61.87.31,64676,25257,TCP,Web Traffic
12.135.76.181,100.40.215.64,28509,13474,UDP,Web Traffic
70.198.233.32,176.110.250.101,60732,37059,UDP,DNS
65.59.76.43,22.59.235.37,21738,16290,UDP,Web Traffic
105.33.216.238,171.12.253.197,39956,61131,UDP,Web Traffic
199.131.247.118,51.182.241.21,9016,35230,TCP,Web Traffic
27.78.75.151,53.191.240.49,15817,10336,TCP,Web Traffic
56.104.88.206,117.182.31.23,54521,14609,TCP,Web Traffic
79.194.37.147,105.64.155.161,9369,50414,UDP,SSH
87.32.114.33,189.172.63.5,21953,57193,TCP,HTTPS
13.146.78.188,44.122.227.229,4816,59173,TCP,HTTPS
72.191.18.241,191.120.26.173,37286,10930,TCP,DNS
147.11.163.78,8.32.49.248,19924,7984,UDP,Web Traffic
10.189.2.207,45.153.152.223,40910,27315,TCP,SSH
64.203.122.158,73.202.42.76,26773,58794,TCP,Web Traffic
66.12.76.211,159.175.185.204,24583,50287,UDP,HTTPS
147.123.27.129,53.23.172.105,17210,39206,UDP,HTTPS
128.150.221.82,206.158.83.158,20240,58215,UDP,Web Traffic
150.45.31.45,179.152.151.21,9584,59821,UDP,Web Traffic
88.98.32.150,47.69.135.51,39404,58977,TCP,HTTPS
102.116.244.54,42.106.202.202,55003,61181,UDP,Web Traffic
143.183.194.201,119.173.23.69,18942,47117,TCP,Web Traffic
18.100.23.150,99.69.122.227,59872,60334,UDP,HTTPS
135.162.213.162,65.45.29.64,50669,27368,UDP,SSH
174.250.229.35,97.152.204.97,8704,17701,UDP,Web Traffic
129.164.239.26,15.44.230.12,4564,23714,TCP,Web Traffic
121.46.218.44,185.88.232.189,7994,50229,UDP,HTTPS
221.7.213.121,214.68.32.125,20193,16513,TCP,Web Traffic
44.252.9.80,125.60.183.198,9548,33782,TCP,Web Traffic
173.63.123.2,134.217.136.131,54341,3906,UDP,Web Traffic
221.169.145.248,100.31.66.80,5216,43201,UDP,SSH
26.25.159.97,211.211.74.43,47918,59064,TCP,DNS
98.146.85.2,208.77.253.145,63620,12976,TCP,Web Traffic
17.183.102.254,88.14.130.162,42213,40305,UDP,HTTPS
132.170.1.138,96.118.23.144,29893,36217,TCP,HTTPS
91.251.13.79,111.40.53.99,59982,21126,TCP,DNS
55.87.168.145,223.130.192.169,40069,9214,UDP,Web Traffic
190.186.206.43,145.30.8.52,51451,65089,TCP,Web Traffic
135.177.34.130,116.29.124.95,40623,35453,TCP,Web Traffic
184.205.212.129,90.168.189.210,24015,27760,UDP,HTTPS
61.19.127.157,201.165.123.168,21502,14477,UDP,Web Traffic
185.130.49.50,203.141.23.167,18357,3974,UDP,HTTPS
212.177.6.191,104.72.213.189,64685,1040,UDP,HTTPS
51.223.119.14,121.107.27.74,8435,39348,TCP,Web Traffic
42.246.103.221,112.91.212.152,51121,11563,TCP,Web Traffic
163.134.17.124,145.236.92.97,31831,7264,TCP,Web Traffic
140.109.95.204,93.31.168.36,39819,5652,UDP,Web Traffic
7.175.57.18,86.167.184.167,28528,62656,TCP,HTTPS
160.5.43.201,180.33.111.162,59931,26909,UDP,Web Traffic
66.54.109.160,89.104.161.196,23410,5608,TCP,SSH
147.241.191.148,101.2.82.167,44116,40830,TCP,DNS
18.223.182.140,91.47.189.35,5401,51084,TCP,HTTPS
58.147.80.24,35.226.236.2,45847,64495,TCP,SSH
42.161.198.77,69.229.9.231,9096,1742,TCP,Web Traffic
15.6.166.122,154.84.163.244,62913,28886,TCP,Web Traffic
17.234.104.254,47.129.194.28,44788,19730,TCP,SSH
24.223.107.184,60.218.126.172,18082,5264,UDP,DNS
177.43.120.247,97.17.74.84,44704,37933,TCP,SSH
191.226.195.217,86.231.88.51,32982,61646,UDP,HTTPS
71.231.38.80,96.178.71.197,63192,8768,TCP,DNS
13.0.234.228,216.202.117.252,2320,11565,UDP,DNS
52.247.6.23,138.121.120.87,48130,16407,UDP,SSH
4.92.167.241,128.185.9.66,55973,59803,TCP,HTTPS
171.14.243.155,47.8.170.120,34554,12852,TCP,DNS
85.160.230.96,83.245.126.88,26536,44965,TCP,Web Traffic
119.235.9.66,43.222.20.157,54759,4725,TCP,SSH
37.201.94.32,92.26.52.219,52810,9380,TCP,SSH
177.33.144.76,203.50.254.21,4711,27347,UDP,Web Traffic
29.142.242.52,170.185.106.113,39289,11066,TCP,DNS
156.157.138.143,32.144.88.165,52385,52273,UDP,Web Traffic
146.208.89.8,174.75.164.137,63552,25728,UDP,SSH
14.165.210.5,1.148.238.109,11224,48416,UDP,HTTPS
220.189.90.99,197.26.42.155,5885,36181,UDP,Web Traffic
84.92.64.241,44.216.5.177,39505,14583,UDP,Web Traffic
142.129.105.74,164.210.4.193,30351,54625,UDP,HTTPS
57.33.242.153,191.180.233.158,20875,60173,UDP,DNS
39.132.47.18,39.175.234.38,29680,26701,UDP,SSH
76.82.0.134,208.209.56.26,63897,21705,UDP,Web Traffic
1.153.238.211,144.129.98.112,40800,55505,TCP,Web Traffic
159.20.9.105,199.154.190.111,40423,17582,UDP,HTTPS
184.175.53.24,196.133.66.166,40177,48830,UDP,Web Traffic
25.151.26.41,154.146.154.61,48721,54048,UDP,DNS
42.143.211.85,37.123.189.250,34608,60688,TCP,Web Traffic
162.61.18.184,94.122.40.137,12544,10580,TCP,Web Traffic
3.50.21.159,131.218.198.238,54096,55538,UDP,SSH
181.62.177.236,133.248.86.146,21097,1716,UDP,DNS
137.127.88.187,61.19.12.204,2389,17740,UDP,SSH
143.129.161.36,196.32.108.123,12343,56790,TCP,Web Traffic
167.213.249.4,222.20.48.88,14634,48867,TCP,Web Traffic
129.138.136.35,30.61.208.83,64304,9652,UDP,SSH
35.52.254.94,71.53.23.20,49363,64390,UDP,Web Traffic
216.127.124.154,168.5.165.251,34055,47438,UDP,SSH
53.39.191.177,86.160.143.125,53864,36519,UDP,Web Traffic
59.120.252.113,165.192.229.149,44229,40795,TCP,Web Traffic
56.177.26.210,1.223.118.143,25669,11642,TCP,SSH
46.25.115.44,168.204.247.7,29281,40382,TCP,SSH
217.136.231.36,119.227.27.151,16434,61913,TCP,Web Traffic
163.90.61.209,81.88.6.24,62887,4410,TCP,SSH
64.196.118.216,155.194.255.117,14741,43883,UDP,Web Traffic
150.166.180.231,47.155.24.138,20007,9105,TCP,DNS
171.146.173.86,129.43.2.24,35876,56313,UDP,Web Traffic
80.209.253.121,7.245.134.143,29944,54479,TCP,Web Traffic
172.77.193.20,129.179.43.207,9412,48807,TCP,HTTPS
80.207.65.109,119.181.150.243,63424,34577,UDP,SSH
48.238.56.186,216.13.85.245,21308,48456,UDP,HTTPS
180.21.79.168,165.74.168.38,14475,49065,TCP,Web Traffic
98.155.96.237,134.249.218.146,6059,4991,TCP,SSH
140.123.63.135,144.131.248.222,50472,25817,TCP,HTTPS
76.84.18.69,58.100.78.220,6401,9158,UDP,HTTPS
120.141.226.50,211.220.164.184,49357,6981,TCP,DNS
182.96.49.34,125.248.213.6,5688,40682,UDP,HTTPS
71.134.83.64,198.84.207.201,47002,1616,TCP,Web Traffic
46.85.137.169,115.13.14.156,41036,1259,TCP,SSH
110.192.87.138,4.182.174.217,23224,18529,TCP,Web Traffic
141.231.110.227,69.16.224.227,63538,6791,TCP,HTTPS
24.16.27.64,110.137.51.73,24612,28648,TCP,Web Traffic
174.168.100.90,76.96.169.60,12703,23046,TCP,HTTPS
130.84.173.107,114.157.211.153,37648,30056,UDP,DNS
148.146.141.173,41.189.116.191,5873,10560,TCP,SSH
176.175.44.126,205.202.154.199,48602,58515,TCP,HTTPS
43.93.57.177,207.19.100.205,9045,2002,UDP,HTTPS
140.123.10.38,81.81.98.90,57296,34922,TCP,SSH
170.144.249.121,139.87.21.3,22081,17239,TCP,HTTPS
182.227.130.226,67.123.209.223,9541,9879,TCP,SSH
38.208.54.35,53.30.216.118,62447,20559,TCP,SSH
162.87.62.204,135.9.51.118,46412,22962,TCP,DNS
194.11.203.107,15.251.141.101,29924,32443,TCP,SSH
47.89.0.126,48.232.13.190,8374,1392,TCP,DNS
174.253.147.38,189.189.232.162,28661,3571,TCP,SSH
28.64.27.35,3.134.157.125,45085,24552,UDP,HTTPS
19.38.188.39,139.104.35.24,63356,32402,TCP,Web Traffic
66.249.175.99,71.255.160.189,6866,34263,TCP,Web Traffic
6.247.236.30,221.37.30.232,51112,64512,TCP,SSH
156.41.121.229,31.78.25.231,60606,60447,UDP,Web Traffic
204.194.97.252,42.254.50.61,1079,28247,TCP,SSH
82.113.178.72,104.229.142.181,23182,27507,TCP,DNS
168.164.5.133,195.31.106.104,29946,61487,TCP,DNS
104.14.212.30,95.222.206.63,39087,17139,UDP,SSH
39.206.88.68,61.151.202.114,63978,28974,UDP,SSH
27.155.65.212,129.153.92.250,25824,48566,UDP,Web Traffic
41.10.69.171,40.169.61.129,42826,14053,TCP,SSH
141.188.197.23,160.47.96.162,22613,12339,UDP,Web Traffic
17.18.176.161,172.74.74.97,50423,3319,TCP,DNS
120.6.194.97,73.207.68.67,13764,48606,TCP,Web Traffic
174.151.132.221,136.62.14.13,51552,33944,TCP,Web Traffic
141.99.70.112,206.247.224.95,16735,52596,UDP,Web Traffic
190.151.4.144,115.216.147.50,61222,30384,UDP,Web Traffic
166.15.231.25,29.237.3.63,62553,21909,UDP,Web Traffic
89.220.172.10,1.118.131.84,52225,51376,TCP,DNS
152.15.222.195,35.157.208.130,17775,39589,UDP,Web Traffic
220.225.15.8,62.125.128.148,36735,19059,UDP,Web Traffic
93.7.123.136,221.59.184.238,46309,42669,UDP,HTTPS
66.204.99.87,11.147.98.101,26106,14486,TCP,Web Traffic
120.85.77.94,64.213.109.98,56805,36318,TCP,HTTPS
122.216.6.50,187.220.84.27,9236,58147,TCP,SSH
128.14.136.64,128.126.124.133,21652,29097,UDP,Web Traffic
83.104.61.62,7.162.59.185,7590,61763,UDP,SSH
180.250.175.136,86.72.253.25,22972,9799,UDP,DNS
117.29.31.105,209.110.130.3,3599,30792,UDP,SSH
159.12.177.35,23.69.163.223,60502,46297,TCP,Web Traffic
6.134.173.153,98.123.138.202,57398,57599,TCP,DNS
155.218.127.132,60.15.162.10,10380,6852,TCP,DNS
41.214.148.64,161.124.210.202,62751,12027,UDP,DNS
185.249.211.29,125.143.189.202,9647,26623,UDP,DNS
124.204.151.146,107.25.249.54,58175,42766,UDP,Web Traffic
65.60.227.7,1.191.242.152,18862,34564,TCP,Web Traffic
110.106.253.62,55.8.147.215,46897,51561,TCP,Web Traffic
121.43.178.148,43.152.159.168,15826,52198,TCP,Web Traffic
193.170.113.227,30.233.11.168,53876,56346,TCP,Web Traffic
55.11.106.253,88.129.119.49,24209,47425,UDP,Web Traffic
164.35.215.130,152.153.147.198,6581,35474,TCP,HTTPS
81.38.156.91,37.250.171.84,10231,7488,UDP,HTTPS
13.241.34.235,105.67.93.35,55812,31654,TCP,SSH
160.99.96.31,189.156.17.104,26800,32003,TCP,DNS
102.185.238.78,115.212.17.225,3121,9856,TCP,Web Traffic
214.236.106.81,199.193.185.159,5669,20076,TCP,SSH
4.138.49.61,64.254.75.118,17476,32216,UDP,HTTPS
169.168.56.163,76.111.196.126,51459,35382,UDP,DNS
119.169.85.124,140.18.119.213,28688,51613,UDP,HTTPS
81.253.118.229,187.28.24.106,21076,6157,TCP,HTTPS
45.66.167.26,182.129.126.236,1942,9710,TCP,DNS
76.132.41.18,2.112.123.135,27184,18722,TCP,Web Traffic
52.180.132.131,126.10.254.84,40547,3267,TCP,Web Traffic
124.126.137.96,76.172.70.57,8216,34246,UDP,SSH
88.20.9.72,71.184.102.209,8242,56496,TCP,SSH
27.90.106.22,61.177.248.5,53934,55237,TCP,SSH
87.98.89.140,81.88.30.236,9277,13778,UDP,Web Traffic
27.145.196.130,123.220.140.222,52867,38661,UDP,SSH
96.67.171.180,172.96.10.31,21105,25742,UDP,SSH
163.237.39.192,122.78.239.76,32630,4164,TCP,HTTPS
62.177.89.11,28.170.1.48,52734,57885,TCP,SSH
33.100.41.0,184.46.230.175,58987,30311,UDP,DNS
24.35.110.225,186.128.204.13,53020,61742,TCP,SSH
170.148.73.25,28.1.156.79,47742,14300,TCP,SSH
82.139.91.240,170.192.6.224,19575,33161,TCP,Web Traffic
174.56.219.156,197.178.25.104,31150,59696,TCP,Web Traffic
8.69.33.158,206.108.213.215,31700,14846,UDP,HTTPS
8.246.56.218,44.233.173.47,9398,31027,UDP,SSH
156.33.197.7,189.76.184.251,62713,31131,TCP,Web Traffic
223.38.252.105,113.144.47.91,49355,51998,TCP,SSH
133.16.65.217,90.64.18.195,43519,54242,UDP,Web Traffic
204.111.218.18,147.71.103.253,34302,44998,TCP,DNS
166.134.101.46,24.58.62.32,1252,1259,TCP,SSH
217.11.12.244,62.115.218.18,59123,53784,UDP,DNS
203.215.176.10,90.66.248.253,37948,2129,UDP,HTTPS
40.65.134.236,120.26.91.129,50003,3665,UDP,Web Traffic
121.41.117.198,156.151.27.48,11404,52822,TCP,DNS
138.238.184.240,126.3.246.126,23377,19360,UDP,DNS
153.195.231.190,184.76.156.236,52319,13353,TCP,DNS
8.239.117.98,8.108.111.161,30171,41431,UDP,DNS
42.204.145.78,184.120.210.191,17674,59492,UDP,HTTPS
31.174.88.15,38.198.125.135,41290,10685,UDP,HTTPS
116.208.214.114,82.80.1.127,27163,34679,UDP,SSH
57.249.29.5,29.240.55.31,26460,13905,TCP,DNS
100.15.145.187,62.162.228.168,58891,32074,UDP,Web Traffic
114.58.224.17,216.77.142.213,29763,36094,TCP,Web Traffic
95.0.19.86,40.175.212.119,16431,52859,UDP,HTTPS
171.12.164.253,34.26.113.72,44532,47193,UDP,HTTPS
213.76.225.237,188.37.93.129,43970,52568,TCP,Web Traffic
128.124.120.164,134.62.100.52,65240,9564,UDP,DNS
191.198.146.17,122.29.168.70,26423,3817,UDP,Web Traffic
91.77.82.212,7.219.185.14,3577,10273,UDP,Web Traffic
205.70.162.133,117.117.240.90,29039,3631,TCP,HTTPS
14.127.55.23,45.11.73.114,24264,3290,TCP,Web Traffic
147.142.87.184,135.44.29.99,20635,45360,UDP,Web Traffic
118.124.1.143,62.252.123.57,49993,5983,UDP,Web Traffic
49.72.20.158,124.244.8.191,46769,21905,UDP,HTTPS
141.183.183.148,69.22.96.46,60965,65357,UDP,Web Traffic
11.100.3.47,92.192.85.205,21743,48197,UDP,Web Traffic
18.221.96.169,74.228.161.164,36167,8545,TCP,Web Traffic
126.252.50.191,206.60.149.239,25395,44030,TCP,SSH
203.119.175.212,76.131.239.149,17550,51838,TCP,SSH
157.22.106.86,22.16.39.140,51296,45975,UDP,DNS
107.18.82.92,73.242.79.210,30745,25222,TCP,SSH
37.206.160.230,85.87.43.177,25932,54220,UDP,SSH
31.152.116.183,116.184.124.222,8861,19869,UDP,SSH
72.200.197.74,39.153.192.59,7518,28248,UDP,HTTPS
182.177.187.3,193.19.72.126,8050,36337,UDP,SSH
21.31.110.224,97.156.112.128,8657,51339,UDP,HTTPS
72.132.42.68,94.120.62.57,40084,43684,TCP,Web Traffic
125.30.76.233,121.21.82.119,30722,28681,UDP,DNS
85.111.234.241,46.37.110.5,35205,41881,UDP,DNS
207.178.20.92,114.167.197.134,11077,55920,UDP,SSH
31.64.241.211,45.212.200.219,30912,54525,UDP,Web Traffic
170.45.3.165,177.92.168.255,27954,57642,TCP,SSH
70.4.131.186,17.248.97.140,40369,17493,UDP,Web Traffic
174.83.87.142,219.106.93.131,4353,23924,UDP,Web Traffic
22.174.183.80,189.121.168.69,21660,49632,UDP,SSH
82.172.130.48,222.93.232.67,65067,41111,UDP,DNS
130.94.4.90,151.82.246.248,8957,50958,TCP,SSH
137.167.153.34,126.90.12.184,26005,28179,TCP,Web Traffic
195.228.85.116,176.87.128.108,8887,21230,TCP,HTTPS
20.117.252.183,4.194.124.235,21815,48218,UDP,HTTPS
30.227.77.50,81.103.54.43,62157,56387,TCP,HTTPS
180.196.155.220,119.100.190.186,38221,57330,TCP,HTTPS
16.157.24.103,40.52.44.216,32996,43428,TCP,Web Traffic
196.60.147.103,215.110.175.206,48761,14890,TCP,Web Traffic
35.24.23.48,16.241.111.50,35162,13180,TCP,HTTPS
221.221.205.136,109.154.236.209,43037,28666,TCP,Web Traffic
196.141.186.13,171.138.23.163,28085,48020,UDP,HTTPS
